yearID,lgID,teamID,divID,Rank,G,W,L,DivWin,WCWin,LgWin,WSWin,R,PA,AB,H,2B,3B,HR,TB,BB,SO,SB,CS,SB%,HBP,SF,AVG,OBP,SLG,OPS,RA,ER,ERA,CG,SHO,SV,HA,HRA,BBA,SOA,DP,franchName
2010,NL,ARI,W,5,162,65,97,N,N,N,N,713,6142,5473,1366,301,34,180,2275,589,1529,86,41,0.677165354,39,41,0.249588891,0.324649951,0.41567696,0.740326911,836,765,4.81,3,3,35,1503,210,548,1070,152,Arizona Diamondbacks
2010,NL,ATL,E,2,162,91,71,N,Y,N,N,738,6183,5463,1411,312,25,139,2190,634,1140,63,29,0.684782609,51,35,0.258282995,0.338994016,0.400878638,0.739872654,629,569,3.56,2,9,41,1326,126,505,1241,166,Atlanta Braves
2010,AL,BAL,E,5,162,66,96,N,N,N,N,613,6077,5554,1440,264,21,133,2145,424,1056,76,34,0.690909091,54,45,0.259272596,0.315616258,0.386208138,0.701824396,785,733,4.59,3,7,35,1508,186,520,1007,141,Baltimore Orioles
2010,AL,BOS,E,3,162,89,73,N,N,N,N,818,6326,5646,1511,358,22,211,2546,587,1140,68,17,0.8,47,46,0.267623096,0.339076826,0.450938718,0.790015543,744,679,4.2,3,9,44,1402,152,580,1207,132,Boston Red Sox
2010,AL,CHW,C,2,162,88,74,N,N,N,N,752,6068,5484,1467,263,21,177,2303,467,922,160,74,0.683760684,79,38,0.26750547,0.331740277,0.419948942,0.751689219,704,658,4.09,6,11,43,1471,136,490,1149,158,Chicago White Sox
2010,NL,CHC,C,5,162,75,87,N,N,N,N,685,6079,5512,1414,298,27,149,2213,479,1236,55,31,0.639534884,50,38,0.256531205,0.319624938,0.401487663,0.721112602,767,668,4.18,1,14,40,1409,154,605,1268,137,Chicago Cubs
2010,NL,CIN,C,1,162,91,71,Y,N,N,N,790,6219,5579,1515,293,30,188,2432,522,1218,93,43,0.683823529,68,50,0.271554042,0.338478855,0.435920416,0.774399271,685,648,4.01,4,9,43,1404,158,524,1130,142,Cincinnati Reds
2010,AL,CLE,C,4,162,69,93,N,N,N,N,646,6129,5487,1362,290,20,128,2076,545,1184,91,33,0.733870968,64,33,0.248223073,0.321585903,0.378348824,0.699934728,752,684,4.3,10,4,34,1477,147,572,967,179,Cleveland Indians
2010,NL,COL,W,3,162,83,79,N,N,N,N,770,6209,5530,1452,270,54,173,2349,585,1274,99,42,0.70212766,47,47,0.262567812,0.33564181,0.42477396,0.76041577,717,663,4.14,6,12,35,1405,139,525,1234,182,Colorado Rockies
2010,AL,DET,C,3,162,81,81,N,N,N,N,751,6271,5643,1515,308,32,152,2343,546,1147,69,30,0.696969697,41,41,0.268474216,0.335193749,0.415204678,0.750398427,743,690,4.3,6,5,32,1445,142,537,1056,171,Detroit Tigers
2010,NL,MIA,E,3,162,80,82,N,N,N,N,719,6143,5531,1403,294,37,152,2227,514,1375,92,26,0.779661017,55,43,0.253661182,0.32101579,0.402639667,0.723655458,717,652,4.08,5,17,39,1433,134,549,1168,130,Miami Marlins
2010,NL,HOU,C,4,162,76,86,N,N,N,N,611,5929,5452,1348,252,25,108,1974,415,1025,100,36,0.735294118,33,29,0.247248716,0.302917861,0.362068966,0.664986827,729,654,4.09,4,11,45,1446,140,548,1210,135,Houston Astros
2010,AL,KCR,C,5,162,67,95,N,N,N,N,676,6163,5604,1534,279,31,121,2238,471,905,115,50,0.696969697,35,53,0.273733048,0.331007626,0.399357602,0.730365228,845,794,4.97,7,3,44,1553,176,551,1035,138,Kansas City Royals
2010,AL,LAA,W,3,162,80,82,N,N,N,N,681,6043,5488,1363,276,19,155,2142,466,1070,104,52,0.666666667,52,37,0.248360058,0.311269237,0.390306122,0.70157536,702,651,4.04,10,9,39,1422,148,565,1130,116,Los Angeles Angels
2010,NL,LAD,W,4,162,80,82,N,N,N,N,667,6055,5426,1368,270,29,120,2056,533,1184,92,50,0.647887324,46,50,0.252119425,0.321552436,0.378916329,0.700468765,692,643,4.01,4,16,41,1323,134,539,1274,124,Los Angeles Dodgers
2010,NL,MIL,C,3,162,77,85,N,N,N,N,750,6268,5606,1471,293,33,182,2376,546,1216,81,26,0.757009346,81,35,0.262397431,0.334716018,0.423831609,0.758547627,804,733,4.58,3,7,35,1487,173,582,1258,142,Milwaukee Brewers
2010,AL,MIN,C,1,162,94,68,Y,N,N,N,781,6219,5568,1521,318,41,142,2347,559,967,68,28,0.708333333,39,53,0.273168103,0.340730021,0.421515805,0.762245826,671,638,3.95,9,13,40,1493,155,383,1048,150,Minnesota Twins
2010,AL,NYY,E,2,162,95,67,N,Y,N,N,859,6346,5567,1485,275,32,201,2427,662,1136,103,30,0.77443609,73,44,0.266750494,0.349826662,0.435961918,0.785788581,693,651,4.06,3,8,39,1349,179,540,1154,161,New York Yankees
2010,NL,NYM,E,4,162,79,83,N,N,N,N,656,6070,5465,1361,266,40,128,2091,502,1095,130,44,0.747126437,46,57,0.249039341,0.314497529,0.382616651,0.69711418,652,597,3.7,8,19,36,1438,135,545,1106,159,New York Mets
2010,AL,OAK,W,2,162,81,81,N,N,N,N,663,6073,5448,1396,276,30,109,2059,527,1061,156,38,0.804123711,47,51,0.256240822,0.324386629,0.377936858,0.702323487,626,566,3.56,7,17,38,1315,153,512,1070,147,Oakland Athletics
2010,NL,PHI,E,1,162,97,65,Y,N,N,N,772,6247,5581,1451,290,34,166,2307,560,1064,108,21,0.837209302,63,43,0.259989249,0.33199936,0.41336678,0.74536614,640,594,3.67,14,21,40,1402,168,416,1183,158,Philadelphia Phillies
2010,NL,PIT,C,6,162,57,105,N,N,N,N,587,5915,5386,1303,276,27,126,2011,463,1207,87,36,0.707317073,33,33,0.241923505,0.304142012,0.373375418,0.67751743,866,784,5,1,6,31,1567,167,538,1026,120,Pittsburgh Pirates
2010,NL,SDP,W,2,162,90,72,N,N,N,N,665,6068,5434,1338,236,24,132,2018,538,1183,124,50,0.712643678,50,46,0.246227457,0.317402769,0.371365477,0.688768245,581,549,3.39,2,20,49,1305,139,517,1295,141,San Diego Padres
2010,AL,SEA,W,4,162,61,101,N,N,N,N,513,5947,5409,1274,227,16,101,1836,459,1184,142,39,0.784530387,39,40,0.23553337,0.297965361,0.339434276,0.637399637,698,628,3.93,11,10,38,1402,157,452,973,145,Seattle Mariners
2010,NL,SFG,W,1,162,92,70,Y,N,Y,Y,697,6066,5488,1411,284,30,162,2241,487,1099,55,32,0.632183908,50,41,0.257106414,0.321134191,0.408345481,0.729479672,583,546,3.36,6,17,57,1279,134,578,1331,110,San Francisco Giants
2010,NL,STL,C,2,162,86,76,N,N,N,N,736,6173,5542,1456,285,18,150,2227,541,1027,79,41,0.658333333,50,40,0.262721039,0.331605378,0.401840491,0.733445869,641,577,3.57,7,16,32,1412,133,477,1094,172,St. Louis Cardinals
2010,AL,TBR,E,1,162,96,66,Y,N,N,N,802,6225,5439,1343,295,37,160,2192,672,1292,172,47,0.785388128,57,57,0.24692039,0.332851406,0.40301526,0.735866666,649,611,3.78,6,12,51,1347,175,478,1189,134,Tampa Bay Rays
2010,AL,TEX,W,1,162,90,72,Y,N,Y,N,787,6245,5635,1556,268,25,162,2360,511,986,123,48,0.719298246,45,54,0.276131322,0.338190552,0.418811003,0.757001555,687,636,3.93,7,8,46,1355,162,551,1181,133,Texas Rangers
2010,AL,TOR,E,4,162,85,77,N,N,N,N,755,6055,5495,1364,319,21,257,2496,471,1164,58,20,0.743589744,55,34,0.24822566,0.312138728,0.454231119,0.766369848,728,676,4.22,5,11,45,1407,150,539,1184,172,Toronto Blue Jays
2010,NL,WAS,E,5,162,69,93,N,N,N,N,655,6028,5418,1355,250,31,149,2114,503,1220,110,41,0.728476821,60,47,0.250092285,0.318181818,0.390180879,0.708362697,742,658,4.13,2,5,37,1469,151,512,1068,148,Washington Nationals
2011,NL,ARI,W,1,162,94,68,Y,N,N,N,731,6046,5421,1357,293,37,172,2240,531,1249,133,55,0.707446809,61,33,0.250322819,0.322361892,0.413207895,0.735569787,662,609,3.8,5,12,58,1414,159,442,1058,131,Arizona Diamondbacks
2011,NL,ATL,E,2,162,89,73,N,N,N,N,641,6090,5528,1345,244,16,173,2140,504,1260,77,44,0.636363636,28,30,0.243306802,0.308210181,0.387120116,0.695330296,605,572,3.48,3,16,52,1332,125,521,1332,131,Atlanta Braves
2011,AL,BAL,E,5,162,69,93,N,N,N,N,708,6132,5585,1434,273,13,191,2306,452,1120,81,25,0.764150943,52,43,0.256759176,0.316046967,0.412891674,0.728938641,860,786,4.89,3,7,32,1568,210,535,1044,159,Baltimore Orioles
2011,AL,BOS,E,3,162,90,72,N,N,N,N,875,6388,5710,1600,352,35,203,2631,578,1108,102,42,0.708333333,50,50,0.280210158,0.348778961,0.460770578,0.809549538,737,680,4.2,2,13,36,1366,156,540,1213,120,Boston Red Sox
2011,AL,CHW,C,3,162,79,83,N,N,N,N,654,6107,5502,1387,252,16,154,2133,475,989,81,53,0.604477612,84,46,0.252090149,0.318650729,0.387677208,0.706327937,706,665,4.1,6,14,42,1463,147,439,1220,129,Chicago White Sox
2011,NL,CHC,C,5,162,71,91,N,N,N,N,654,6068,5549,1423,285,36,148,2224,425,1202,69,23,0.75,59,35,0.256442602,0.314271589,0.400792936,0.715064524,756,690,4.33,4,5,40,1439,162,580,1224,128,Chicago Cubs
2011,NL,CIN,C,3,162,79,83,N,N,N,N,735,6250,5612,1438,264,19,183,2289,535,1250,97,50,0.659863946,63,40,0.256236636,0.32576,0.40787598,0.73363598,720,678,4.16,4,5,39,1414,185,539,1112,146,Cincinnati Reds
2011,AL,CLE,C,2,162,80,82,N,N,N,N,704,6111,5509,1380,290,26,154,2184,494,1269,89,42,0.679389313,65,43,0.250499183,0.317296678,0.396442186,0.713738864,760,683,4.23,2,4,38,1482,153,463,1024,130,Cleveland Indians
2011,NL,COL,W,4,162,73,89,N,N,N,N,735,6200,5544,1429,274,40,163,2272,555,1201,118,42,0.7375,57,44,0.257756133,0.329193548,0.40981241,0.739005958,774,713,4.43,5,7,41,1471,176,522,1118,156,Colorado Rockies
2011,AL,DET,C,1,162,95,67,Y,N,N,N,787,6181,5563,1540,297,34,169,2412,521,1143,49,20,0.710144928,39,58,0.276829049,0.339750849,0.433579004,0.773329854,711,647,4.04,4,14,52,1406,149,492,1115,148,Detroit Tigers
2011,NL,MIA,E,5,162,72,90,N,N,N,N,625,6143,5508,1358,274,30,149,2139,542,1244,95,41,0.698529412,51,42,0.246550472,0.317597265,0.388344227,0.705941492,702,640,3.95,7,11,40,1403,149,500,1218,126,Miami Marlins
2011,NL,HOU,C,6,162,56,106,N,N,N,N,615,6082,5598,1442,309,28,95,2092,401,1164,118,33,0.781456954,46,37,0.257591997,0.310588622,0.373704895,0.684293517,796,719,4.51,2,6,25,1477,188,560,1191,140,Houston Astros
2011,AL,KCR,C,4,162,71,91,N,N,N,N,730,6210,5672,1560,325,41,129,2354,442,1006,153,58,0.725118483,39,57,0.275035261,0.328663446,0.415021157,0.743684603,762,716,4.44,2,6,37,1487,163,557,1080,149,Kansas City Royals
2011,AL,LAA,W,2,162,86,76,N,N,N,N,667,6038,5513,1394,289,34,155,2216,442,1086,135,52,0.721925134,51,32,0.252856884,0.312520702,0.401959006,0.714479708,633,581,3.57,12,11,39,1388,142,476,1058,157,Los Angeles Angels
2011,NL,LAD,W,3,161,82,79,N,N,N,N,644,6022,5436,1395,237,28,117,2039,498,1087,126,40,0.759036145,45,43,0.256622517,0.321819993,0.375091979,0.696911973,612,563,3.54,7,17,40,1287,132,507,1265,121,Los Angeles Dodgers
2011,NL,MIL,C,1,162,96,66,Y,N,N,N,721,6028,5447,1422,276,31,185,2315,481,1083,94,31,0.752,56,44,0.261061135,0.324983411,0.42500459,0.749988,638,582,3.63,1,13,47,1348,147,440,1257,130,Milwaukee Brewers
2011,AL,MIN,C,5,162,63,99,N,N,N,N,619,5989,5487,1357,259,25,103,1975,440,1048,92,39,0.702290076,37,25,0.247311828,0.306228085,0.35994168,0.666169765,804,724,4.58,7,8,32,1564,161,480,940,153,Minnesota Twins
2011,AL,NYY,E,1,162,97,65,Y,N,N,N,867,6270,5518,1452,267,33,222,2451,627,1138,147,46,0.761658031,74,51,0.263138818,0.34338118,0.444182675,0.787563855,657,605,3.73,5,8,47,1423,152,507,1222,141,New York Yankees
2011,NL,NYM,E,4,162,77,85,N,N,N,N,718,6270,5600,1477,309,39,108,2188,571,1085,130,35,0.787878788,51,48,0.26375,0.33476874,0.390714286,0.725483026,742,674,4.19,6,9,43,1482,147,514,1126,126,New York Mets
2011,AL,OAK,W,3,162,74,88,N,N,N,N,645,6068,5452,1330,280,29,114,2010,509,1094,117,43,0.73125,50,57,0.243947175,0.311305208,0.368672047,0.679977255,679,597,3.71,6,12,39,1380,136,519,1160,145,Oakland Athletics
2011,NL,PHI,E,1,162,102,60,Y,N,N,N,713,6212,5579,1409,258,38,153,2202,539,1024,96,24,0.8,56,38,0.252554221,0.322601417,0.39469439,0.717295806,529,495,3.02,18,21,47,1320,120,404,1299,135,Philadelphia Phillies
2011,NL,PIT,C,4,162,72,90,N,N,N,N,610,5988,5421,1325,277,35,107,1993,489,1308,108,52,0.675,34,44,0.244419849,0.308617234,0.367644346,0.676261581,712,650,4.04,5,11,43,1513,152,535,1031,154,Pittsburgh Pirates
2011,NL,SDP,W,5,162,71,91,N,N,N,N,593,6013,5417,1284,247,42,91,1888,501,1320,170,44,0.794392523,48,47,0.237031567,0.304839514,0.348532398,0.653371912,611,551,3.42,0,10,44,1324,125,521,1139,139,San Diego Padres
2011,AL,SEA,W,4,162,67,95,N,N,N,N,556,5934,5421,1263,253,22,109,1887,435,1280,125,40,0.757575758,37,41,0.232982844,0.292382878,0.348090758,0.640473636,675,621,3.9,12,10,39,1369,145,436,1088,152,Seattle Mariners
2011,NL,SFG,W,2,162,86,76,N,N,N,N,570,6029,5486,1327,282,24,121,2020,448,1122,85,51,0.625,52,43,0.241888443,0.303035329,0.368209989,0.671245318,578,522,3.2,3,12,52,1260,96,559,1316,127,San Francisco Giants
2011,NL,STL,C,2,162,90,72,N,Y,Y,Y,762,6158,5532,1513,308,22,162,2351,542,978,57,39,0.59375,44,40,0.273499638,0.340857421,0.424981923,0.765839345,692,608,3.74,7,9,47,1461,136,448,1098,167,St. Louis Cardinals
2011,AL,TBR,E,2,162,91,71,N,Y,N,N,707,6115,5436,1324,273,37,172,2187,571,1193,155,62,0.714285714,73,35,0.243561442,0.321831562,0.402317881,0.724149443,614,577,3.58,15,13,32,1263,161,504,1143,138,Tampa Bay Rays
2011,AL,TEX,W,1,162,96,66,Y,N,Y,N,855,6222,5659,1599,310,32,210,2603,475,930,143,45,0.760638298,39,49,0.282558756,0.339601414,0.459975261,0.799576675,677,607,3.79,10,19,38,1327,170,461,1179,164,Texas Rangers
2011,AL,TOR,E,4,162,81,81,N,N,N,N,743,6179,5559,1384,285,34,186,2295,525,1184,131,52,0.715846995,48,47,0.248965641,0.316717916,0.412844037,0.729561952,761,700,4.32,7,10,33,1433,179,540,1169,148,Toronto Blue Jays
2011,NL,WAS,E,3,161,80,81,N,N,N,N,624,6008,5441,1319,257,22,154,2082,470,1323,106,38,0.736111111,65,32,0.242418673,0.308588549,0.382650248,0.691238797,643,577,3.58,3,10,49,1403,129,477,1049,145,Washington Nationals
2012,NL,ARI,W,3,162,81,81,N,N,N,N,734,6087,5462,1416,307,33,165,2284,539,1266,93,51,0.645833333,41,45,0.259245698,0.327911943,0.418161845,0.746073789,688,626,3.93,4,9,39,1432,155,417,1200,146,Arizona Diamondbacks
2012,NL,ATL,E,2,162,94,68,N,Y,N,N,700,6072,5425,1341,263,30,149,2111,567,1289,101,32,0.759398496,34,46,0.24718894,0.319828722,0.389124424,0.708953146,600,549,3.42,5,16,47,1310,145,464,1232,147,Atlanta Braves
2012,AL,BAL,E,2,162,93,69,N,Y,N,N,712,6120,5560,1375,270,16,214,2319,480,1315,58,29,0.666666667,50,30,0.247302158,0.31127451,0.417086331,0.728360841,705,642,3.9,1,10,55,1433,184,481,1177,151,Baltimore Orioles
2012,AL,BOS,E,5,162,69,93,N,N,N,N,734,6132,5604,1459,339,16,165,2325,428,1197,97,31,0.7578125,45,55,0.26034975,0.315068493,0.414882227,0.72995072,806,754,4.7,6,4,35,1449,190,529,1176,159,Boston Red Sox
2012,AL,CHW,C,2,162,85,77,N,N,N,N,748,6080,5518,1409,228,29,211,2328,461,1203,109,43,0.717105263,65,36,0.25534614,0.318256579,0.42189199,0.740148569,676,646,4.02,6,11,37,1365,186,503,1246,154,Chicago White Sox
2012,NL,CHC,C,5,162,61,101,N,N,N,N,613,5925,5411,1297,265,36,137,2045,447,1235,94,45,0.676258993,43,24,0.239696914,0.301603376,0.377933838,0.679537214,759,708,4.51,1,9,28,1399,175,573,1128,148,Chicago Cubs
2012,NL,CIN,C,1,162,97,65,Y,N,N,N,669,6042,5477,1377,296,30,172,2249,481,1266,87,27,0.763157895,47,37,0.251415008,0.315292949,0.410626255,0.725919205,588,540,3.34,9,12,56,1356,152,427,1248,113,Cincinnati Reds
2012,AL,CLE,C,4,162,68,94,N,N,N,N,667,6178,5525,1385,266,24,136,2107,555,1087,110,44,0.714285714,59,39,0.250678733,0.323567498,0.381357466,0.704924964,845,766,4.78,2,6,43,1503,174,543,1086,157,Cleveland Indians
2012,NL,COL,W,5,162,64,98,N,N,N,N,758,6102,5577,1526,306,52,166,2434,450,1213,100,40,0.714285714,36,39,0.273623812,0.329727958,0.43643536,0.766163318,890,824,5.22,0,7,36,1637,198,566,1144,139,Colorado Rockies
2012,AL,DET,C,1,162,88,74,Y,N,Y,N,726,6083,5476,1467,279,39,163,2313,511,1103,59,23,0.719512195,57,39,0.267896275,0.334538879,0.422388605,0.756927484,670,596,3.75,9,8,40,1409,151,438,1318,127,Detroit Tigers
2012,NL,HOU,C,6,162,55,107,N,N,N,N,583,5958,5407,1276,238,28,146,2008,463,1365,105,46,0.695364238,58,30,0.235990383,0.301611279,0.371370446,0.672981725,794,721,4.56,3,11,31,1493,173,540,1170,132,Houston Astros
2012,AL,KCR,C,3,162,72,90,N,N,N,N,676,6123,5636,1492,295,37,131,2254,404,1032,132,38,0.776470588,42,41,0.264726757,0.316511514,0.399929028,0.716440542,746,693,4.3,2,12,44,1504,163,542,1177,171,Kansas City Royals
2012,AL,LAA,W,3,162,89,73,N,N,N,N,767,6073,5536,1518,273,22,187,2396,449,1113,134,33,0.80239521,47,41,0.274205202,0.331631813,0.432803468,0.764435281,699,640,4.02,6,16,38,1339,186,483,1157,141,Los Angeles Angels
2012,NL,LAD,W,2,162,86,76,N,N,N,N,637,6009,5438,1369,269,23,116,2032,481,1156,104,44,0.702702703,52,38,0.251746966,0.316525212,0.373666789,0.690192001,597,538,3.34,2,10,40,1277,122,539,1276,138,Los Angeles Dodgers
2012,NL,MIA,E,5,162,69,93,N,N,N,N,609,5996,5437,1327,261,39,137,2077,484,1228,149,41,0.784210526,35,40,0.24406842,0.307871915,0.382012139,0.689884054,724,655,4.09,5,7,38,1448,133,495,1113,154,Miami Marlins
2012,NL,MIL,C,3,162,83,79,N,N,N,N,776,6148,5557,1442,300,39,202,2426,466,1240,158,39,0.802030457,90,35,0.259492532,0.324983735,0.436566493,0.761550227,733,682,4.22,0,9,44,1458,169,525,1402,133,Milwaukee Brewers
2012,AL,MIN,C,5,162,66,96,N,N,N,N,701,6176,5562,1448,270,30,131,2171,505,1069,135,37,0.784883721,53,56,0.260338008,0.324805699,0.39032722,0.71513292,832,762,4.77,3,6,35,1536,198,465,943,188,Minnesota Twins
2012,AL,NYY,E,1,162,95,67,Y,N,N,N,804,6200,5524,1462,280,13,245,2503,565,1176,93,27,0.775,62,49,0.264663287,0.336935484,0.453113686,0.79004917,668,617,3.84,6,9,51,1401,190,431,1318,135,New York Yankees
2012,NL,NYM,E,4,162,74,88,N,N,N,N,650,6025,5450,1357,286,21,139,2102,503,1250,79,38,0.675213675,42,30,0.248990826,0.315684647,0.385688073,0.701372721,709,651,4.09,7,13,36,1368,161,488,1240,135,New York Mets
2012,AL,OAK,W,1,162,94,68,Y,N,N,N,713,6156,5527,1315,267,32,195,2231,550,1387,122,32,0.792207792,45,34,0.237922924,0.310266407,0.403654786,0.713921192,614,569,3.48,1,13,47,1360,147,462,1136,135,Oakland Athletics
2012,NL,PHI,E,3,162,81,81,N,N,N,N,684,6100,5544,1414,271,28,158,2215,454,1094,116,23,0.834532374,63,39,0.255050505,0.316557377,0.399531025,0.716088402,680,618,3.83,5,11,42,1387,178,409,1385,118,Philadelphia Phillies
2012,NL,PIT,C,4,162,79,83,N,N,N,N,651,5952,5412,1313,241,37,170,2138,444,1354,73,52,0.584,51,45,0.242609017,0.303763441,0.395048041,0.698811482,674,615,3.86,2,10,45,1357,153,490,1192,126,Pittsburgh Pirates
2012,NL,SDP,W,4,162,76,86,N,N,N,N,651,6049,5422,1339,272,43,121,2060,539,1238,155,46,0.771144279,54,34,0.246956842,0.319391635,0.379933604,0.699325239,710,640,4.01,4,11,43,1356,162,539,1205,97,San Diego Padres
2012,AL,SEA,W,4,162,75,87,N,N,N,N,619,6025,5494,1285,241,27,149,2027,466,1259,104,35,0.748201439,30,35,0.233891518,0.29560166,0.368947943,0.664549603,651,608,3.76,8,11,43,1359,166,449,1166,155,Seattle Mariners
2012,NL,SFG,W,1,162,94,68,Y,N,Y,Y,718,6131,5558,1495,287,57,103,2205,483,1097,118,39,0.751592357,29,61,0.268981648,0.327352797,0.396725441,0.724078238,649,593,3.68,5,14,53,1361,142,489,1237,134,San Francisco Giants
2012,NL,STL,C,2,162,88,74,N,Y,N,N,765,6257,5622,1526,290,37,159,2367,533,1192,91,37,0.7109375,53,49,0.271433654,0.337541953,0.421024546,0.758566499,648,603,3.71,4,10,42,1420,134,436,1218,149,St. Louis Cardinals
2012,AL,TBR,E,3,162,90,72,N,N,N,N,697,6069,5398,1293,250,30,175,2128,571,1323,134,44,0.752808989,58,42,0.23953316,0.316691382,0.394220082,0.710911464,577,518,3.19,7,15,50,1233,139,469,1383,155,Tampa Bay Rays
2012,AL,TEX,W,2,162,93,69,N,Y,N,N,808,6178,5590,1526,303,32,200,2493,478,1103,91,44,0.674074074,57,53,0.272987478,0.333603108,0.445974955,0.779578063,707,639,3.99,7,10,43,1378,175,446,1286,136,Texas Rangers
2012,AL,TOR,E,4,162,73,89,N,N,N,N,716,6060,5487,1346,247,22,198,2231,473,1251,123,41,0.75,55,45,0.245307089,0.309240924,0.406597412,0.715838336,784,745,4.64,5,11,29,1439,204,574,1142,167,Toronto Blue Jays
2012,NL,WAS,E,1,162,98,64,Y,N,N,N,731,6171,5615,1468,301,25,194,2401,479,1325,105,35,0.75,41,36,0.261442565,0.322152001,0.42760463,0.749756632,594,543,3.33,3,9,51,1296,129,497,1325,134,Washington Nationals
2013,NL,ARI,W,2,162,81,81,N,N,N,N,685,6281,5676,1468,302,31,130,2222,519,1142,62,41,0.601941748,43,43,0.25863284,0.323196943,0.391472868,0.714669811,695,651,3.92,6,7,38,1460,176,485,1218,135,Arizona Diamondbacks
2013,NL,ATL,E,1,162,96,66,Y,N,N,N,688,6073,5441,1354,247,21,181,2186,542,1384,64,31,0.673684211,55,35,0.248851314,0.321258027,0.401764382,0.723022409,548,512,3.18,1,12,53,1326,127,409,1232,141,Atlanta Braves
2013,AL,BAL,E,3,162,85,77,N,N,N,N,745,6117,5620,1460,298,14,212,2422,416,1125,79,29,0.731481481,36,45,0.259786477,0.312571522,0.430960854,0.743532376,709,678,4.2,2,6,57,1438,202,473,1169,165,Baltimore Orioles
2013,AL,BOS,E,1,162,97,65,Y,N,Y,Y,853,6354,5651,1566,363,29,178,2521,581,1308,123,19,0.866197183,72,50,0.277119094,0.349228832,0.446115732,0.795344564,656,613,3.79,5,8,33,1366,156,524,1294,142,Boston Red Sox
2013,AL,CHW,C,5,162,63,99,N,N,N,N,598,6056,5563,1385,237,19,148,2104,411,1207,105,42,0.714285714,34,48,0.248966385,0.302179657,0.378213194,0.680392851,723,643,3.98,5,5,40,1424,182,509,1249,155,Chicago White Sox
2013,NL,CHC,C,5,162,66,96,N,N,N,N,602,6034,5498,1307,297,18,172,2156,439,1230,63,32,0.663157895,67,30,0.237722808,0.300464037,0.392142597,0.692606634,689,643,4,3,6,39,1332,160,540,1184,129,Chicago Cubs
2013,NL,CIN,C,3,162,90,72,N,Y,N,N,698,6206,5499,1370,274,20,155,2149,585,1245,67,35,0.656862745,76,46,0.249136207,0.327263938,0.390798327,0.718062265,589,554,3.38,5,17,43,1294,170,435,1296,131,Cincinnati Reds
2013,AL,CLE,C,2,162,92,70,N,Y,N,N,745,6134,5465,1391,290,23,171,2240,562,1283,117,36,0.764705882,51,56,0.25452882,0.326703619,0.409881061,0.73658468,662,611,3.82,3,16,38,1359,147,554,1379,135,Cleveland Indians
2013,NL,COL,W,5,162,74,88,N,N,N,N,706,6087,5599,1511,283,36,159,2343,427,1204,112,32,0.777777778,26,35,0.26986962,0.322654838,0.418467583,0.741122422,760,708,4.44,1,5,35,1545,136,517,1064,162,Colorado Rockies
2013,AL,DET,C,1,162,93,69,Y,N,N,N,796,6356,5735,1625,292,23,176,2491,531,1073,35,20,0.636363636,43,47,0.283347864,0.34597231,0.43435048,0.780322789,624,587,3.61,3,12,39,1369,128,462,1428,136,Detroit Tigers
2013,AL,HOU,W,5,162,51,111,N,N,N,N,610,5973,5457,1307,266,16,148,2049,426,1535,110,61,0.643274854,52,38,0.239508888,0.298844802,0.375481034,0.674325835,848,766,4.79,2,5,32,1530,191,616,1084,168,Houston Astros
2013,AL,KCR,C,3,162,86,76,N,N,N,N,648,6055,5549,1443,254,34,112,2101,422,1048,153,32,0.827027027,42,42,0.260046855,0.314946325,0.37862678,0.693573105,601,555,3.45,5,12,52,1366,155,469,1208,136,Kansas City Royals
2013,AL,LAA,W,3,162,78,84,N,N,N,N,733,6223,5588,1476,270,39,164,2316,523,1221,82,34,0.706896552,48,64,0.264137437,0.328941025,0.414459556,0.743400581,737,685,4.23,4,12,41,1475,167,533,1200,135,Los Angeles Angels
2013,NL,LAD,W,1,162,92,70,Y,N,N,N,649,6072,5491,1447,281,17,138,2176,476,1146,78,28,0.735849057,57,48,0.263522127,0.326086957,0.39628483,0.722371786,582,524,3.25,7,22,46,1321,127,460,1292,160,Los Angeles Dodgers
2013,NL,MIA,E,5,162,62,100,N,N,N,N,513,5963,5449,1257,219,31,95,1823,432,1232,78,29,0.728971963,56,26,0.230684529,0.292637934,0.334556799,0.627194733,646,602,3.71,2,13,36,1376,121,526,1177,144,Miami Marlins
2013,NL,MIL,C,4,162,74,88,N,N,N,N,640,5987,5474,1381,238,43,157,2176,407,1183,142,50,0.739583333,71,35,0.252283522,0.310506097,0.397515528,0.708021624,687,615,3.84,4,15,40,1401,175,466,1125,153,Milwaukee Brewers
2013,AL,MIN,C,4,162,66,96,N,N,N,N,614,6181,5564,1346,285,15,151,2114,533,1430,52,33,0.611764706,52,32,0.241912293,0.312408995,0.379942487,0.692351483,788,733,4.55,1,7,40,1591,168,458,985,178,Minnesota Twins
2013,AL,NYY,E,4,162,85,77,N,N,N,N,650,6008,5449,1321,247,24,144,2048,466,1214,115,31,0.787671233,57,36,0.242429804,0.306924101,0.37584878,0.682772881,671,633,3.94,7,10,49,1452,171,437,1233,139,New York Yankees
2013,NL,NYM,E,4,162,74,88,N,N,N,N,619,6154,5559,1318,263,32,130,2035,512,1384,114,35,0.765100671,51,32,0.237093002,0.305654859,0.366073035,0.671727893,684,618,3.77,4,10,40,1442,152,458,1209,127,New York Mets
2013,AL,OAK,W,1,162,96,66,Y,N,N,N,767,6188,5521,1403,301,25,186,2312,573,1178,74,28,0.725490196,45,49,0.25412063,0.326599871,0.418764717,0.745364587,625,574,3.56,6,13,46,1339,163,428,1183,112,Oakland Athletics
2013,NL,PHI,E,4,162,73,89,N,N,N,N,610,5957,5456,1355,255,32,140,2094,417,1205,73,29,0.715686275,53,31,0.24835044,0.306362263,0.383797654,0.690159917,749,689,4.32,6,3,32,1465,152,506,1199,141,Philadelphia Phillies
2013,NL,PIT,C,2,162,94,68,N,Y,N,N,634,6072,5486,1346,273,35,161,2172,469,1330,94,42,0.691176471,88,29,0.245351805,0.313405797,0.395916879,0.709322676,577,533,3.26,3,16,55,1299,101,515,1261,154,Pittsburgh Pirates
2013,NL,SDP,W,3,162,76,86,N,N,N,N,618,6070,5517,1349,246,26,146,2085,467,1309,118,34,0.776315789,52,34,0.244516948,0.307742998,0.377922784,0.685665782,700,643,3.98,3,6,40,1407,156,525,1171,140,San Diego Padres
2013,AL,SEA,W,4,162,71,91,N,N,N,N,624,6146,5558,1318,249,17,188,2165,529,1353,49,23,0.680555556,31,28,0.23713566,0.305564595,0.389528607,0.695093202,754,702,4.31,4,14,43,1467,174,478,1297,149,Seattle Mariners
2013,NL,SFG,W,4,162,76,86,N,N,N,N,629,6102,5552,1446,280,35,107,2117,469,1078,67,26,0.720430108,39,42,0.260446686,0.320222878,0.381304035,0.701526912,691,643,4,2,13,41,1380,145,521,1256,128,San Francisco Giants
2013,NL,STL,C,1,162,97,65,Y,N,Y,N,783,6146,5557,1494,322,20,125,2231,481,1110,45,22,0.671641791,64,44,0.268850099,0.331760495,0.401475616,0.733236111,596,555,3.42,7,15,44,1366,112,451,1254,177,St. Louis Cardinals
2013,AL,TBR,E,2,163,92,71,N,Y,N,N,700,6218,5538,1421,296,23,165,2258,589,1171,73,38,0.657657658,36,55,0.256590827,0.329044709,0.407728422,0.736773131,646,608,3.74,9,17,42,1315,153,482,1310,147,Tampa Bay Rays
2013,AL,TEX,W,2,163,91,72,N,N,N,N,730,6150,5585,1465,262,23,176,2301,462,1067,149,46,0.764102564,61,42,0.262309758,0.323252033,0.411996419,0.735248451,636,589,3.62,4,10,46,1370,157,498,1309,146,Texas Rangers
2013,AL,TOR,E,5,162,74,88,N,N,N,N,712,6123,5537,1398,273,24,185,2274,510,1123,112,41,0.732026144,38,38,0.252483294,0.317818063,0.41069171,0.728509773,756,685,4.25,4,11,39,1451,195,500,1208,145,Toronto Blue Jays
2013,NL,WAS,E,2,162,86,76,N,N,N,N,656,5979,5436,1365,259,27,161,2161,464,1192,88,28,0.75862069,40,39,0.251103753,0.312594079,0.397534952,0.710129031,626,576,3.59,6,13,47,1367,142,405,1236,146,Washington Nationals
2014,NL,ARI,W,5,162,64,98,N,N,N,N,615,6029,5552,1379,259,47,118,2086,398,1165,86,33,0.722689076,43,36,0.248378963,0.301874274,0.375720461,0.677594735,742,683,4.26,2,4,35,1467,154,469,1278,147,Arizona Diamondbacks
2014,NL,ATL,E,2,162,79,83,N,N,N,N,573,6010,5468,1316,240,22,123,1969,472,1369,95,33,0.7421875,43,27,0.240673007,0.304658902,0.360095099,0.664754001,597,547,3.38,5,13,54,1369,121,472,1301,143,Atlanta Braves
2014,AL,BAL,E,1,162,96,66,Y,N,N,N,705,6095,5596,1434,264,16,211,2363,401,1285,44,20,0.6875,62,36,0.256254467,0.31123872,0.422265904,0.733504624,593,557,3.43,3,13,53,1342,151,472,1174,156,Baltimore Orioles
2014,AL,BOS,E,5,162,71,91,N,N,N,N,634,6206,5551,1355,282,20,123,2046,535,1337,63,25,0.715909091,68,52,0.244100162,0.315501128,0.368582237,0.684083365,715,653,4.01,3,7,36,1458,154,482,1213,155,Boston Red Sox
2014,AL,CHW,C,4,162,73,89,N,N,N,N,660,6058,5543,1400,279,32,155,2208,417,1362,85,36,0.702479339,60,38,0.25257081,0.30983823,0.398340249,0.708178479,758,687,4.29,3,6,36,1468,140,557,1152,170,Chicago White Sox
2014,NL,CHC,C,5,162,73,89,N,N,N,N,614,6045,5508,1315,270,31,157,2118,442,1477,65,40,0.619047619,54,41,0.238743646,0.299586435,0.38453159,0.684118025,707,636,3.91,1,11,37,1398,115,504,1311,137,Chicago Cubs
2014,NL,CIN,C,4,162,76,86,N,N,N,N,595,5899,5395,1282,254,20,131,1969,415,1252,122,52,0.701149425,52,37,0.237627433,0.296490931,0.364967563,0.661458493,612,576,3.59,5,13,44,1282,163,507,1290,120,Cincinnati Reds
2014,AL,CLE,C,3,162,85,77,N,N,N,N,669,6170,5575,1411,284,23,142,2167,504,1189,104,27,0.79389313,42,49,0.25309417,0.317179903,0.388699552,0.705879454,653,581,3.56,6,15,40,1398,135,464,1450,139,Cleveland Indians
2014,NL,COL,W,4,162,66,96,N,N,N,N,755,6105,5612,1551,307,41,186,2498,397,1281,85,48,0.639097744,48,48,0.27637206,0.326945127,0.445117605,0.772062732,818,770,4.84,1,4,24,1528,173,531,1074,166,Colorado Rockies
2014,AL,DET,C,1,162,90,72,Y,N,N,N,757,6178,5630,1557,325,26,155,2399,443,1144,106,41,0.721088435,44,61,0.276554174,0.330851408,0.426110124,0.756961533,705,648,4.01,5,8,41,1475,127,462,1244,153,Detroit Tigers
2014,AL,HOU,W,4,162,70,92,N,N,N,N,629,6033,5447,1317,240,19,163,2084,495,1442,122,37,0.767295597,55,36,0.241784469,0.309464611,0.382595924,0.692060536,723,657,4.11,7,3,31,1437,139,484,1137,151,Houston Astros
2014,AL,KCR,C,2,162,89,73,N,Y,Y,N,651,6025,5545,1456,286,29,95,2085,380,985,153,36,0.80952381,53,47,0.2625789,0.313526971,0.376014427,0.689541398,624,565,3.51,3,14,53,1386,128,440,1168,122,Kansas City Royals
2014,AL,LAA,W,1,162,98,64,Y,N,N,N,773,6258,5652,1464,304,31,155,2295,492,1266,81,39,0.675,60,54,0.259023355,0.322147651,0.406050955,0.728198606,630,590,3.58,3,13,46,1307,126,504,1342,127,Los Angeles Angels
2014,NL,LAD,W,1,162,94,68,Y,N,N,N,718,6183,5560,1476,302,38,134,2256,519,1246,138,50,0.734042553,61,43,0.265467626,0.332524664,0.405755396,0.73828006,617,554,3.4,7,16,47,1338,142,429,1373,145,Los Angeles Dodgers
2014,NL,MIA,E,4,162,77,85,N,N,N,N,645,6113,5538,1399,254,36,122,2091,501,1419,58,21,0.734177215,35,39,0.252618274,0.316538524,0.377573131,0.694111656,674,613,3.78,3,16,42,1481,114,458,1190,154,Miami Marlins
2014,NL,MIL,C,3,162,82,80,N,N,N,N,650,5995,5462,1366,297,28,150,2169,423,1197,102,43,0.703448276,73,37,0.250091542,0.31059216,0.397107287,0.707699447,657,594,3.67,3,9,45,1386,167,431,1246,130,Milwaukee Brewers
2014,AL,MIN,C,5,162,70,92,N,N,N,N,715,6208,5567,1412,316,27,128,2166,544,1329,99,36,0.733333333,53,44,0.253637507,0.323614691,0.389078498,0.712693189,777,728,4.57,2,7,38,1588,147,408,1031,136,Minnesota Twins
2014,AL,NYY,E,2,162,84,78,N,N,N,N,633,6052,5497,1349,247,26,147,2089,452,1133,112,26,0.811594203,56,47,0.245406585,0.306840714,0.380025468,0.686866182,664,605,3.75,5,10,48,1392,164,398,1370,107,New York Yankees
2014,NL,NYM,E,3,162,79,83,N,N,N,N,629,6086,5472,1306,275,19,125,1994,516,1264,101,34,0.748148148,54,44,0.238669591,0.308248439,0.364400585,0.672649024,618,568,3.49,1,11,42,1370,141,509,1303,158,New York Mets
2014,AL,OAK,W,2,162,88,74,N,Y,N,N,729,6223,5545,1354,253,33,146,2111,586,1104,83,20,0.805825243,49,43,0.24418395,0.319620762,0.380703336,0.700324098,572,524,3.22,7,13,31,1269,147,406,1244,150,Oakland Athletics
2014,NL,PHI,E,5,162,73,89,N,N,N,N,619,6138,5603,1356,251,27,125,2036,443,1306,109,26,0.807407407,55,37,0.242013207,0.302052786,0.363376762,0.665429548,687,619,3.79,2,12,40,1396,134,521,1255,133,Philadelphia Phillies
2014,NL,PIT,C,2,162,88,74,N,Y,N,N,682,6169,5536,1436,275,30,156,2239,520,1244,104,47,0.688741722,78,35,0.259393064,0.329713082,0.404443642,0.734156723,631,562,3.47,2,7,48,1341,128,499,1228,148,Pittsburgh Pirates
2014,NL,SDP,W,3,162,77,85,N,N,N,N,535,5848,5294,1199,224,30,109,1810,468,1294,91,34,0.728,41,45,0.226482811,0.292065663,0.341896487,0.63396215,577,523,3.27,4,10,41,1300,117,462,1284,124,San Diego Padres
2014,AL,SEA,W,3,162,87,75,N,N,N,N,634,5940,5450,1328,247,32,136,2047,396,1232,96,42,0.695652174,60,34,0.243669725,0.3003367,0.37559633,0.675933031,554,512,3.17,2,9,51,1240,137,463,1317,139,Seattle Mariners
2014,NL,SFG,W,2,162,88,74,N,Y,Y,Y,665,6042,5523,1407,257,42,132,2144,427,1245,56,27,0.674698795,43,49,0.254752852,0.310658722,0.388194822,0.698853544,614,564,3.5,8,12,46,1305,133,389,1211,155,San Francisco Giants
2014,NL,STL,C,1,162,90,72,Y,N,N,N,619,6022,5426,1371,275,21,105,2003,471,1133,57,32,0.640449438,86,39,0.252672318,0.320159415,0.369148544,0.68930796,603,564,3.5,8,23,55,1321,123,470,1221,145,St. Louis Cardinals
2014,AL,TBR,E,4,162,77,85,N,N,N,N,612,6162,5516,1361,263,24,117,2023,527,1124,63,27,0.7,66,53,0.246736766,0.317104836,0.366751269,0.683856105,625,579,3.56,3,22,37,1292,145,482,1437,96,Tampa Bay Rays
2014,AL,TEX,W,5,162,67,95,N,N,N,N,637,5983,5460,1400,260,28,111,2049,417,1162,105,59,0.640243902,61,45,0.256410256,0.313889353,0.375274725,0.689164078,773,711,4.49,6,17,33,1510,160,505,1110,155,Texas Rangers
2014,AL,TOR,E,3,162,83,79,N,N,N,N,723,6132,5549,1435,282,24,177,2296,502,1151,78,21,0.787878788,41,40,0.258605154,0.322570124,0.413768247,0.73633837,686,642,4,3,16,45,1400,151,490,1199,130,Toronto Blue Jays
2014,NL,WAS,E,1,162,96,66,Y,N,N,N,686,6156,5542,1403,265,27,152,2178,517,1304,101,23,0.814516129,56,41,0.253157705,0.320987654,0.392998917,0.713986572,555,495,3.03,5,19,45,1351,110,352,1288,139,Washington Nationals
2015,NL,ARI,W,3,162,79,83,N,N,N,N,720,6229,5649,1494,289,48,154,2341,490,1312,132,44,0.75,33,57,0.264471588,0.323807995,0.41440963,0.738217625,713,659,4.04,1,12,44,1450,182,500,1215,146,Arizona Diamondbacks
2015,NL,ATL,E,4,162,67,95,N,N,N,N,573,5966,5420,1361,251,18,100,1948,471,1107,69,33,0.676470588,44,31,0.251107011,0.314448542,0.359409594,0.673858136,760,698,4.41,3,10,44,1462,170,550,1148,186,Atlanta Braves
2015,AL,BAL,E,3,162,81,81,N,N,N,N,713,5986,5485,1370,246,20,217,2307,418,1331,44,25,0.637681159,51,32,0.249772106,0.307216839,0.420601641,0.72781848,693,646,4.05,0,10,43,1406,174,483,1233,134,Baltimore Orioles
2015,AL,BOS,E,5,162,78,84,N,N,N,N,748,6206,5640,1495,294,33,161,2338,478,1148,71,27,0.724489796,46,42,0.265070922,0.325330325,0.414539007,0.739869333,753,694,4.31,3,10,40,1486,178,478,1218,148,Boston Red Sox
2015,AL,CHW,C,4,162,76,86,N,N,N,N,622,6039,5533,1381,260,27,136,2103,404,1231,68,42,0.618181818,65,37,0.249593349,0.30634211,0.380083138,0.686425247,701,643,3.98,7,9,37,1443,162,474,1359,159,Chicago White Sox
2015,NL,CHC,C,3,162,97,65,N,Y,N,N,689,6167,5491,1341,272,30,171,2186,567,1518,95,37,0.71969697,74,35,0.244217811,0.321388033,0.398105992,0.719494025,608,546,3.36,6,21,48,1276,134,407,1431,120,Chicago Cubs
2015,NL,CIN,C,5,162,64,98,N,N,N,N,640,6149,5571,1382,257,27,167,2194,496,1255,134,38,0.779069767,42,40,0.248070364,0.312245894,0.393825166,0.70607106,754,700,4.33,2,8,35,1436,177,544,1252,131,Cincinnati Reds
2015,AL,CLE,C,3,161,81,80,N,N,N,N,669,6061,5439,1395,303,29,141,2179,533,1157,86,28,0.754385965,39,50,0.256480971,0.324533905,0.400625115,0.72515902,640,584,3.67,11,10,38,1274,161,425,1407,136,Cleveland Indians
2015,NL,COL,W,5,162,68,94,N,N,N,N,737,6027,5572,1479,274,49,186,2409,388,1283,97,43,0.692857143,33,34,0.265434314,0.31524805,0.432340273,0.747588323,844,799,5.04,4,4,36,1579,183,579,1112,171,Colorado Rockies
2015,AL,DET,C,5,161,74,87,N,N,N,N,689,6136,5605,1515,289,49,151,2355,455,1259,83,51,0.619402985,41,35,0.27029438,0.32773794,0.420160571,0.747898511,803,746,4.64,7,12,35,1491,193,489,1100,165,Detroit Tigers
2015,AL,HOU,W,2,162,86,76,N,Y,N,N,729,6044,5459,1363,278,26,230,2383,486,1392,121,48,0.715976331,56,43,0.249679428,0.315188617,0.436526836,0.751715453,618,572,3.57,5,13,39,1308,148,423,1280,131,Houston Astros
2015,AL,KCR,C,1,162,95,67,Y,N,Y,Y,724,6082,5575,1497,300,42,139,2298,383,973,104,34,0.753623188,77,47,0.268520179,0.321769155,0.412197309,0.733966464,641,601,3.73,2,8,56,1372,155,489,1160,138,Kansas City Royals
2015,AL,LAA,W,3,162,85,77,N,N,N,N,661,5950,5417,1331,243,21,176,2144,435,1150,52,34,0.604651163,58,40,0.245707956,0.306554622,0.395791028,0.70234565,675,630,3.94,2,12,46,1355,166,466,1221,108,Los Angeles Angels
2015,NL,LAD,W,1,162,92,70,Y,N,N,N,667,6038,5385,1346,263,26,187,2222,563,1258,59,34,0.634408602,60,30,0.249953575,0.326101358,0.412627669,0.738729028,595,553,3.44,6,21,47,1317,145,395,1396,133,Los Angeles Dodgers
2015,NL,MIA,E,3,162,71,91,N,N,N,N,613,5917,5463,1420,236,40,120,2096,375,1150,112,45,0.713375796,39,40,0.259930441,0.309954369,0.383671975,0.693626344,678,638,4.02,0,12,35,1374,141,508,1152,162,Miami Marlins
2015,NL,MIL,C,4,162,68,94,N,N,N,N,655,5967,5480,1378,274,34,145,2155,412,1299,84,29,0.743362832,41,34,0.251459854,0.306854366,0.393248175,0.700102541,737,682,4.28,1,7,40,1432,176,517,1260,164,Milwaukee Brewers
2015,AL,MIN,C,2,162,83,79,N,N,N,N,696,5987,5467,1349,277,44,156,2182,439,1264,70,38,0.648148148,40,41,0.246753247,0.305328211,0.399122005,0.704450216,700,653,4.07,2,12,45,1506,163,413,1046,150,Minnesota Twins
2015,AL,NYY,E,2,162,87,75,N,Y,N,N,764,6238,5567,1397,272,19,212,2343,554,1227,63,25,0.715909091,63,54,0.250943057,0.322859891,0.420873002,0.743732893,698,652,4.03,3,4,48,1416,182,474,1370,135,New York Yankees
2015,NL,NYM,E,1,162,90,72,Y,N,Y,N,683,6115,5527,1351,295,17,177,2211,488,1290,51,25,0.671052632,68,32,0.244436403,0.311856092,0.400036186,0.711892278,613,557,3.43,1,14,50,1341,152,383,1337,131,New York Mets
2015,AL,OAK,W,5,162,68,94,N,N,N,N,694,6153,5600,1405,277,46,146,2212,475,1119,78,29,0.728971963,40,38,0.250892857,0.312042906,0.395,0.707042906,729,664,4.14,5,15,28,1402,172,474,1179,154,Oakland Athletics
2015,NL,PHI,E,5,162,63,99,N,N,N,N,626,5999,5529,1374,272,37,130,2110,387,1274,88,32,0.733333333,54,29,0.248507868,0.302550425,0.381624164,0.684174589,809,749,4.69,1,7,35,1592,191,488,1153,145,Philadelphia Phillies
2015,NL,PIT,C,2,162,98,64,N,Y,N,N,697,6222,5631,1462,292,27,140,2228,461,1322,98,45,0.685314685,89,41,0.259634168,0.323368692,0.395666844,0.719035536,596,532,3.21,0,13,54,1392,110,453,1338,177,Pittsburgh Pirates
2015,NL,SDP,W,4,162,74,88,N,N,N,N,650,5965,5457,1324,260,36,148,2100,426,1327,82,29,0.738738739,40,42,0.242624152,0.300083822,0.384826828,0.68491065,731,655,4.09,1,6,41,1371,171,516,1393,138,San Diego Padres
2015,AL,SEA,W,4,162,76,86,N,N,N,N,656,6093,5544,1379,262,22,198,2279,478,1336,69,45,0.605263158,36,35,0.248737374,0.310684392,0.411075036,0.721759428,726,677,4.16,6,12,45,1430,181,491,1283,155,Seattle Mariners
2015,NL,SFG,W,2,162,84,78,N,N,N,N,696,6108,5565,1486,288,39,136,2260,457,1159,93,36,0.720930233,49,37,0.267026056,0.326129666,0.406109614,0.73223928,627,597,3.72,7,18,41,1344,155,431,1165,145,San Francisco Giants
2015,NL,STL,C,1,162,100,62,Y,N,N,N,647,6098,5484,1386,288,39,137,2163,506,1267,69,38,0.644859813,66,42,0.25273523,0.321088882,0.394420131,0.715509013,525,478,2.94,1,15,62,1359,123,477,1329,159,St. Louis Cardinals
2015,AL,TBR,E,4,162,80,82,N,N,N,N,644,6052,5485,1383,278,32,167,2226,436,1310,87,45,0.659090909,84,47,0.252142206,0.314441507,0.405834093,0.7202756,642,604,3.74,1,12,60,1314,175,477,1355,118,Tampa Bay Rays
2015,AL,TEX,W,1,162,88,74,Y,N,N,N,751,6144,5511,1419,279,32,172,2278,503,1233,101,39,0.721428571,76,54,0.25748503,0.325195313,0.413355108,0.73855042,733,680,4.24,5,9,45,1459,171,508,1095,169,Texas Rangers
2015,AL,TOR,E,1,162,93,69,Y,N,N,N,891,6195,5509,1480,308,17,232,2518,570,1151,88,23,0.792792793,54,62,0.268651298,0.339628733,0.457070249,0.796698982,670,609,3.8,7,10,34,1353,173,397,1117,145,Toronto Blue Jays
2015,NL,WAS,E,2,162,83,79,N,N,N,N,703,6062,5428,1363,265,13,177,2185,539,1344,57,23,0.7125,44,51,0.25110538,0.321016166,0.402542373,0.723558539,635,577,3.62,4,13,41,1366,145,364,1342,125,Washington Nationals
2016,NL,ARI,W,4,162,69,93,N,N,N,N,752,6216,5665,1479,285,56,190,2446,463,1427,137,31,0.81547619,50,38,0.261076787,0.32046332,0.431774051,0.752237372,890,821,5.09,2,7,31,1563,202,603,1318,143,Arizona Diamondbacks
2016,NL,ATL,E,5,161,68,93,N,N,N,N,649,6127,5514,1404,295,27,122,2119,502,1240,75,34,0.688073394,59,52,0.254624592,0.320711604,0.384294523,0.705006127,779,725,4.51,1,9,39,1414,177,547,1227,134,Atlanta Braves
2016,AL,BAL,E,2,162,89,73,N,Y,N,N,744,6072,5524,1413,265,6,253,2449,468,1324,19,13,0.59375,44,36,0.255792904,0.317028986,0.443338161,0.760367146,715,671,4.22,1,9,54,1408,183,545,1248,165,Baltimore Orioles
2016,AL,BOS,E,1,162,93,69,Y,N,N,N,878,6311,5670,1598,343,25,208,2615,558,1160,83,24,0.775700935,43,40,0.281834215,0.348439233,0.461199295,0.809638528,694,640,4,9,5,43,1342,176,490,1362,139,Boston Red Sox
2016,AL,CHW,C,4,162,78,84,N,N,N,N,686,6102,5550,1428,277,33,168,2275,455,1285,77,36,0.681415929,53,44,0.257297297,0.317273025,0.40990991,0.727182935,715,659,4.1,7,10,43,1422,185,521,1270,148,Chicago White Sox
2016,NL,CHC,C,1,162,103,58,Y,N,Y,Y,808,6292,5503,1409,293,30,199,2359,656,1339,66,34,0.66,96,37,0.256042159,0.343452003,0.428675268,0.772127271,556,511,3.15,5,15,38,1125,163,495,1441,116,Chicago Cubs
2016,NL,CIN,C,5,162,68,94,N,N,N,N,716,6035,5487,1403,277,33,164,2238,452,1284,139,51,0.731578947,52,44,0.25569528,0.315990058,0.407873155,0.723863213,854,786,4.91,2,8,28,1457,258,636,1241,142,Cincinnati Reds
2016,AL,CLE,C,1,161,94,67,Y,N,Y,N,777,6124,5484,1435,308,29,185,2356,531,1246,134,31,0.812121212,49,60,0.261670314,0.329033312,0.429613421,0.758646732,676,617,3.84,5,11,37,1330,186,461,1398,126,Cleveland Indians
2016,NL,COL,W,3,162,75,87,N,N,N,N,845,6182,5614,1544,318,47,204,2568,494,1330,66,39,0.628571429,40,34,0.275026719,0.336137172,0.457427859,0.793565031,860,779,4.91,2,9,37,1532,181,547,1223,148,Colorado Rockies
2016,AL,DET,C,2,161,86,75,N,N,N,N,750,6110,5526,1476,252,30,211,2421,493,1303,58,29,0.666666667,53,38,0.267100977,0.330932897,0.438110749,0.769043646,721,672,4.24,3,8,47,1417,182,462,1232,148,Detroit Tigers
2016,AL,HOU,W,3,162,84,78,N,N,N,N,724,6177,5545,1367,291,29,198,2310,554,1452,102,44,0.698630137,47,31,0.246528404,0.318601263,0.416591524,0.735192787,701,663,4.06,2,8,44,1441,181,453,1396,135,Houston Astros
2016,AL,KCR,C,3,162,81,81,N,N,N,N,675,6013,5552,1450,264,33,147,2221,382,1224,121,35,0.775641026,45,34,0.261167147,0.312156993,0.400036023,0.712193016,712,674,4.21,3,7,41,1433,206,517,1287,134,Kansas City Royals
2016,AL,LAA,W,4,162,74,88,N,N,N,N,717,6002,5431,1410,279,20,156,2197,471,991,73,34,0.682242991,51,49,0.259620696,0.321892702,0.404529553,0.726422255,727,676,4.28,4,12,29,1480,208,498,1136,148,Los Angeles Angels
2016,NL,LAD,W,1,162,91,71,Y,N,N,N,725,6133,5518,1376,272,21,189,2257,525,1321,45,26,0.633802817,58,32,0.249365712,0.319419534,0.409025009,0.728444543,638,598,3.7,3,15,47,1266,165,464,1510,101,Los Angeles Dodgers
2016,NL,MIA,E,3,161,79,82,N,N,N,N,655,6086,5547,1460,259,42,128,2187,447,1213,71,28,0.717171717,54,38,0.263205336,0.322214919,0.394267171,0.716482091,682,646,4.05,0,12,55,1358,152,595,1379,137,Miami Marlins
2016,NL,MIL,C,4,162,73,89,N,N,N,N,671,6005,5330,1299,249,19,194,2168,599,1543,181,56,0.76371308,37,39,0.243714822,0.322231474,0.406754221,0.728985695,733,650,4.08,0,7,46,1450,178,532,1175,145,Milwaukee Brewers
2016,AL,MIN,C,5,162,59,103,N,N,N,N,722,6218,5618,1409,288,35,200,2367,513,1426,91,32,0.739837398,44,43,0.250800997,0.316178836,0.421324315,0.73750315,889,814,5.08,4,3,26,1617,221,479,1191,172,Minnesota Twins
2016,AL,NYY,E,4,162,84,78,N,N,N,N,680,6024,5458,1378,245,20,183,2212,475,1188,72,22,0.765957447,42,49,0.252473433,0.314575033,0.405276658,0.719851691,702,660,4.16,0,10,48,1358,214,444,1393,116,New York Yankees
2016,NL,NYM,E,2,162,87,75,N,Y,N,N,671,6079,5459,1342,240,19,218,2274,517,1302,42,18,0.7,62,41,0.24583257,0.316005922,0.416559809,0.732565732,617,574,3.57,1,13,55,1397,152,439,1396,138,New York Mets
2016,AL,OAK,W,5,162,69,93,N,N,N,N,653,6009,5500,1352,270,21,169,2171,442,1145,50,23,0.684931507,33,34,0.245818182,0.304043934,0.394727273,0.698771207,761,718,4.51,2,7,42,1459,185,464,1188,152,Oakland Athletics
2016,NL,PHI,E,4,162,71,91,N,N,N,N,610,5946,5434,1305,231,35,161,2089,424,1376,96,45,0.680851064,58,30,0.240154582,0.300538177,0.384431358,0.684969535,796,739,4.63,4,12,43,1468,213,466,1299,142,Philadelphia Phillies
2016,NL,PIT,C,3,162,78,83,N,N,N,N,729,6220,5542,1426,277,32,153,2226,561,1334,110,45,0.709677419,81,36,0.257307831,0.332475884,0.401660051,0.734135935,758,679,4.21,5,5,51,1490,180,533,1232,172,Pittsburgh Pirates
2016,NL,SDP,W,5,162,68,94,N,N,N,N,686,5962,5419,1275,257,26,177,2115,449,1500,125,45,0.735294118,58,36,0.235283263,0.298892989,0.390293412,0.689186401,770,708,4.43,1,9,35,1425,183,569,1222,165,San Diego Padres
2016,AL,SEA,W,2,162,86,76,N,N,N,N,768,6202,5583,1446,251,17,223,2400,506,1288,56,28,0.666666667,72,41,0.259000537,0.32634634,0.429876411,0.75622275,707,647,4,2,8,49,1410,213,460,1318,158,Seattle Mariners
2016,NL,SFG,W,2,162,87,75,N,Y,N,N,715,6225,5565,1437,280,54,130,2215,572,1107,79,36,0.686956522,42,46,0.258221024,0.329477912,0.39802336,0.727501272,631,593,3.65,10,11,43,1334,158,439,1309,136,San Francisco Giants
2016,NL,STL,C,2,162,86,76,N,N,N,N,779,6185,5548,1415,299,32,225,2453,526,1318,35,26,0.573770492,70,41,0.255046864,0.325141471,0.442141312,0.767282783,712,656,4.08,2,10,38,1432,159,475,1290,169,St. Louis Cardinals
2016,AL,TBR,E,5,162,68,94,N,N,N,N,672,6027,5481,1333,288,32,216,2333,449,1482,60,37,0.618556701,69,28,0.243203795,0.307117969,0.425652253,0.732770222,713,665,4.2,1,8,42,1395,210,491,1357,129,Tampa Bay Rays
2016,AL,TEX,W,1,162,95,67,Y,N,N,N,765,6071,5525,1446,257,23,215,2394,436,1220,99,36,0.733333333,70,40,0.261719457,0.321528578,0.433303167,0.754831746,757,700,4.37,1,6,56,1441,201,534,1154,190,Texas Rangers
2016,AL,TOR,E,2,162,89,73,N,Y,N,N,759,6206,5479,1358,276,18,221,2333,632,1362,54,24,0.692307692,55,40,0.247855448,0.32951982,0.425807629,0.755327449,666,613,3.78,0,10,43,1340,183,461,1314,144,Toronto Blue Jays
2016,NL,WAS,E,1,162,95,67,Y,N,N,N,763,6153,5490,1403,268,29,203,2338,536,1252,121,39,0.75625,64,63,0.255555556,0.325532261,0.425865209,0.75139747,612,570,3.51,1,12,46,1272,155,468,1476,142,Washington Nationals
2017,NL,ARI,W,2,162,93,69,N,Y,N,N,812,6184,5525,1405,314,39,220,2457,578,1456,103,30,0.77443609,54,27,0.254298643,0.329398448,0.444705882,0.77410433,659,586,3.66,2,11,43,1309,171,516,1482,140,Arizona Diamondbacks
2017,NL,ATL,E,3,162,72,90,N,N,N,N,732,6156,5584,1467,289,26,165,2303,474,1184,77,31,0.712962963,66,32,0.2627149,0.326023392,0.412428367,0.738451759,821,756,4.72,0,6,36,1463,192,584,1258,137,Atlanta Braves
2017,AL,BAL,E,5,162,75,87,N,N,N,N,743,6129,5650,1469,269,12,232,2458,392,1412,32,13,0.711111111,50,37,0.26,0.311796378,0.435044248,0.746840626,841,795,4.97,1,10,35,1505,242,579,1233,175,Baltimore Orioles
2017,AL,BOS,E,1,162,93,69,Y,N,N,N,785,6329,5669,1461,302,19,168,2305,571,1224,106,31,0.773722628,53,36,0.25771741,0.32943593,0.406597283,0.736033213,668,610,3.7,5,11,39,1384,195,465,1580,126,Boston Red Sox
2017,AL,CHW,C,4,162,67,95,N,N,N,N,706,6023,5513,1412,256,37,186,2300,401,1397,71,31,0.696078431,76,33,0.256121894,0.313631081,0.417195719,0.7308268,820,755,4.78,0,3,25,1384,242,632,1193,157,Chicago White Sox
2017,NL,CHC,C,1,162,92,70,Y,N,N,N,822,6232,5496,1402,274,29,223,2403,622,1401,62,31,0.666666667,82,32,0.255094614,0.337933248,0.437227074,0.775160322,695,636,3.95,2,8,38,1294,194,554,1439,139,Chicago Cubs
2017,NL,CIN,C,5,162,68,94,N,N,N,N,753,6163,5484,1390,249,38,219,2372,565,1329,120,39,0.754716981,72,42,0.253464624,0.328898264,0.432530999,0.761429263,869,821,5.17,2,8,33,1442,248,631,1300,132,Cincinnati Reds
2017,AL,CLE,C,1,162,102,60,Y,N,N,N,818,6210,5511,1449,333,29,212,2476,604,1153,88,23,0.792792793,50,45,0.262928688,0.338647343,0.449283252,0.787930595,564,529,3.3,7,19,37,1267,163,406,1614,167,Cleveland Indians
2017,NL,COL,W,3,162,87,75,N,Y,N,N,824,6138,5534,1510,293,38,192,2455,519,1408,59,34,0.634408602,44,41,0.272858692,0.33773216,0.44362125,0.781353411,757,721,4.51,1,9,47,1453,190,532,1270,168,Colorado Rockies
2017,AL,DET,C,5,162,64,98,N,N,N,N,735,6138,5556,1435,289,35,187,2355,503,1313,65,34,0.656565657,52,27,0.258279338,0.32420984,0.423866091,0.748075931,894,846,5.36,2,4,32,1587,218,538,1202,146,Detroit Tigers
2017,AL,HOU,W,1,162,101,61,Y,N,Y,Y,896,6251,5611,1581,346,20,238,2681,509,1087,98,42,0.7,70,61,0.281767956,0.345544713,0.477811442,0.823356155,700,662,4.12,1,9,45,1314,192,522,1593,153,Houston Astros
2017,AL,KCR,C,3,162,80,82,N,N,N,N,702,6008,5536,1436,260,24,193,2323,390,1166,91,31,0.745901639,45,37,0.259393064,0.311418109,0.419617052,0.731035161,791,737,4.61,1,6,39,1480,196,519,1216,145,Kansas City Royals
2017,AL,LAA,W,2,162,80,82,N,N,N,N,710,6054,5415,1314,251,14,186,2151,523,1198,136,44,0.755555556,70,46,0.24265928,0.314998348,0.397229917,0.712228265,709,672,4.2,1,10,43,1373,224,470,1312,135,Los Angeles Angels
2017,NL,LAD,W,1,162,104,58,Y,N,Y,N,770,6159,5408,1347,312,20,221,2362,649,1380,77,28,0.733333333,64,38,0.249075444,0.334469881,0.436760355,0.771230237,580,543,3.38,2,16,51,1226,184,442,1549,131,Los Angeles Dodgers
2017,NL,MIA,E,2,162,77,85,N,N,N,N,778,6196,5602,1497,271,31,194,2412,486,1282,91,30,0.752066116,67,41,0.267225991,0.330858618,0.430560514,0.761419133,822,772,4.82,1,7,34,1450,193,627,1202,156,Miami Marlins
2017,NL,MIL,C,2,162,86,76,N,N,N,N,732,6093,5467,1363,267,22,224,2346,547,1571,128,41,0.75739645,53,26,0.249314066,0.322172985,0.429120176,0.751293161,697,642,4,1,12,54,1381,185,553,1346,164,Milwaukee Brewers
2017,AL,MIN,C,2,162,85,77,N,Y,N,N,815,6235,5557,1444,286,31,206,2410,593,1342,95,28,0.772357724,46,39,0.259852438,0.334081796,0.433687241,0.767769038,788,732,4.59,6,11,42,1487,224,483,1166,143,Minnesota Twins
2017,AL,NYY,E,2,162,91,71,N,Y,N,N,858,6330,5594,1463,266,23,241,2498,616,1386,90,22,0.803571429,64,56,0.261530211,0.338546603,0.446549875,0.785096478,660,599,3.72,2,7,36,1248,192,504,1560,102,New York Yankees
2017,NL,NYM,E,4,162,70,92,N,N,N,N,735,6133,5510,1379,286,28,224,2393,529,1291,58,23,0.716049383,57,37,0.250272232,0.320397848,0.43430127,0.754699118,863,799,5.01,2,5,34,1538,220,593,1374,125,New York Mets
2017,AL,OAK,W,5,162,75,87,N,N,N,N,739,6112,5464,1344,305,15,234,2381,565,1491,57,22,0.721518987,43,40,0.245973646,0.319371728,0.435761347,0.755133075,826,743,4.67,1,6,35,1444,210,502,1202,162,Oakland Athletics
2017,NL,PHI,E,5,162,66,96,N,N,N,N,690,6112,5535,1382,287,36,174,2263,494,1417,59,25,0.702380952,47,36,0.24968383,0.314626963,0.408852755,0.723479719,782,729,4.55,1,7,33,1471,221,527,1309,145,Philadelphia Phillies
2017,NL,PIT,C,4,162,75,87,N,N,N,N,668,6093,5458,1331,249,36,151,2105,519,1213,67,36,0.650485437,88,28,0.243862221,0.318069916,0.385672407,0.703742324,731,676,4.22,2,12,36,1464,182,511,1262,156,Pittsburgh Pirates
2017,NL,SDP,W,4,162,71,91,N,N,N,N,604,5902,5356,1251,227,31,189,2107,460,1499,89,33,0.729508197,53,33,0.233569828,0.298881735,0.39339059,0.692272325,816,742,4.67,2,12,45,1417,226,554,1325,177,San Diego Padres
2017,AL,SEA,W,3,162,78,84,N,N,N,N,750,6151,5551,1436,281,17,200,2351,487,1267,89,35,0.717741935,78,35,0.258692128,0.325312957,0.423527292,0.74884025,772,713,4.46,1,9,39,1399,237,490,1244,147,Seattle Mariners
2017,NL,SFG,W,5,162,64,98,N,N,N,N,639,6106,5551,1382,290,28,128,2112,467,1204,76,34,0.690909091,36,52,0.248964151,0.308712742,0.380471987,0.689184729,776,726,4.5,3,5,32,1515,182,496,1234,127,San Francisco Giants
2017,NL,STL,C,3,162,83,79,N,N,N,N,761,6172,5470,1402,284,28,196,2330,593,1348,81,31,0.723214286,65,44,0.25630713,0.333765392,0.425959781,0.759725173,705,646,4.01,3,12,43,1393,183,493,1351,164,St. Louis Cardinals
2017,AL,TBR,E,3,162,80,82,N,N,N,N,694,6126,5478,1340,226,32,228,2314,545,1538,88,34,0.721311475,55,48,0.244614823,0.316682991,0.42241694,0.739099931,704,638,3.97,0,9,53,1324,193,503,1352,129,Tampa Bay Rays
2017,AL,TEX,W,4,162,78,84,N,N,N,N,799,6094,5430,1326,255,21,237,2334,544,1493,113,44,0.719745223,81,39,0.244198895,0.320150968,0.429834254,0.749985222,816,742,4.66,2,6,29,1443,214,559,1107,173,Texas Rangers
2017,AL,TOR,E,4,162,76,86,N,N,N,N,693,6127,5499,1320,269,5,222,2265,542,1327,53,24,0.688311688,51,35,0.240043644,0.31222458,0.411893071,0.724117651,784,720,4.42,2,6,45,1460,203,549,1372,145,Toronto Blue Jays
2017,NL,WAS,E,1,162,97,65,Y,N,N,N,819,6171,5553,1477,311,31,215,2495,542,1327,108,30,0.782608696,31,45,0.265982352,0.332198995,0.449306681,0.781505676,672,623,3.88,3,5,46,1300,189,495,1457,139,Washington Nationals
2018,NL,ARI,W,3,162,82,80,N,N,N,N,693,6117,5460,1283,259,50,176,2170,560,1460,79,25,0.759615385,52,45,0.234981685,0.309792382,0.397435897,0.707228279,644,605,3.72,2,9,39,1313,174,522,1448,152,Arizona Diamondbacks
2018,NL,ATL,E,1,162,90,72,Y,N,N,N,759,6202,5582,1433,314,29,175,2330,511,1290,90,36,0.714285714,66,43,0.256718022,0.324089004,0.417413114,0.741502117,657,607,3.75,2,11,40,1236,153,635,1423,134,Atlanta Braves
2018,AL,BAL,E,5,162,47,115,N,N,N,N,622,6021,5507,1317,242,15,188,2153,422,1412,81,22,0.786407767,57,35,0.239150173,0.298289321,0.390956964,0.689246285,892,824,5.18,2,7,28,1552,234,589,1203,159,Baltimore Orioles
2018,AL,BOS,E,1,162,108,54,Y,N,Y,Y,876,6295,5623,1509,355,31,208,2550,569,1253,125,31,0.801282051,55,48,0.268362084,0.338840349,0.453494576,0.792334925,647,608,3.75,2,14,46,1305,176,512,1558,106,Boston Red Sox
2018,AL,CHW,C,4,162,62,100,N,N,N,N,656,6046,5523,1332,259,40,182,2217,425,1594,98,41,0.705035971,66,32,0.241173275,0.301521667,0.401412276,0.702933943,848,771,4.83,0,8,34,1404,196,653,1259,135,Chicago White Sox
2018,NL,CHC,C,2,163,95,68,N,Y,N,N,761,6324,5624,1453,286,34,167,2308,576,1388,66,38,0.634615385,78,46,0.258357041,0.333175206,0.410384068,0.743559274,645,598,3.65,1,18,46,1319,157,622,1333,155,Chicago Cubs
2018,NL,CIN,C,5,162,67,95,N,N,N,N,696,6191,5532,1404,251,25,172,2221,559,1376,77,33,0.7,65,35,0.253796095,0.327572282,0.401482285,0.729054567,819,741,4.63,1,6,38,1491,228,532,1258,144,Cincinnati Reds
2018,AL,CLE,C,1,162,91,71,Y,N,N,N,818,6273,5595,1447,297,19,216,2430,554,1189,135,36,0.789473684,80,44,0.258623771,0.3317392,0.434316354,0.766055554,648,611,3.77,5,17,41,1349,200,407,1544,123,Cleveland Indians
2018,NL,COL,W,2,163,91,72,N,Y,N,N,780,6136,5541,1418,280,42,210,2412,507,1397,95,33,0.7421875,51,37,0.255910485,0.322033898,0.435300487,0.757334386,745,699,4.33,0,10,51,1378,184,525,1409,162,Colorado Rockies
2018,AL,DET,C,3,162,64,98,N,N,N,N,630,6014,5494,1326,284,35,135,2085,428,1341,70,30,0.7,52,40,0.241354205,0.300299302,0.379504914,0.679804216,796,726,4.58,0,2,37,1423,216,491,1215,126,Detroit Tigers
2018,AL,HOU,W,1,162,103,59,Y,N,N,N,797,6124,5453,1390,278,18,205,2319,565,1197,71,26,0.731958763,61,45,0.254905557,0.329196604,0.425270493,0.754467097,534,503,3.11,3,12,46,1164,152,435,1687,116,Houston Astros
2018,AL,KCR,C,5,162,58,104,N,N,N,N,638,6039,5505,1350,283,29,155,2156,427,1310,117,38,0.75483871,67,40,0.245231608,0.305348568,0.39164396,0.696992528,833,786,4.94,2,8,33,1542,205,549,1157,142,Kansas City Royals
2018,AL,LAA,W,4,162,80,82,N,N,N,N,721,6098,5472,1323,249,23,214,2260,514,1300,89,22,0.801801802,73,39,0.241776316,0.313217448,0.413011696,0.726229144,722,662,4.15,1,9,35,1353,205,546,1386,173,Los Angeles Angels
2018,NL,LAD,W,1,163,92,71,Y,N,Y,N,804,6319,5572,1394,296,33,235,2461,647,1436,75,24,0.757575758,61,39,0.250179469,0.332647571,0.441672649,0.77432022,610,554,3.38,0,11,48,1279,179,422,1565,111,Los Angeles Dodgers
2018,NL,MIA,E,5,161,63,98,N,N,N,N,589,6047,5488,1303,222,24,128,1957,455,1384,45,31,0.592105263,73,31,0.237427114,0.302794774,0.35659621,0.659390984,809,762,4.76,1,12,30,1388,192,605,1249,133,Miami Marlins
2018,NL,MIL,C,1,163,96,67,Y,N,N,N,754,6178,5542,1398,252,24,218,2352,537,1458,124,32,0.794871795,58,41,0.252255503,0.322596309,0.424395525,0.746991835,659,606,3.73,0,14,49,1259,173,553,1428,141,Milwaukee Brewers
2018,AL,MIN,C,2,162,78,84,N,N,N,N,738,6135,5526,1379,317,22,166,2238,534,1328,47,27,0.635135135,37,38,0.249547593,0.317848411,0.404994571,0.722842982,775,721,4.5,2,7,37,1425,198,573,1377,127,Minnesota Twins
2018,AL,NYY,E,2,162,100,62,N,Y,N,N,851,6261,5515,1374,269,23,267,2490,625,1421,63,21,0.75,62,59,0.249138713,0.329180642,0.45149592,0.780676562,669,611,3.78,2,11,49,1311,177,494,1634,95,New York Yankees
2018,NL,NYM,E,4,162,77,85,N,N,N,N,676,6149,5468,1282,265,34,170,2125,566,1404,71,39,0.645454545,73,42,0.234455011,0.312408522,0.388624726,0.701033247,707,661,4.07,3,15,41,1364,185,484,1446,121,New York Mets
2018,AL,OAK,W,2,162,97,65,N,Y,N,N,813,6249,5579,1407,322,20,227,2450,550,1381,35,21,0.625,76,44,0.252195734,0.325332053,0.439146801,0.764478854,674,621,3.81,2,14,44,1303,184,474,1237,125,Oakland Athletics
2018,NL,PHI,E,3,162,80,82,N,N,N,N,677,6102,5424,1271,241,30,186,2130,582,1520,69,26,0.726315789,64,32,0.234328909,0.314159292,0.392699115,0.706858407,728,665,4.14,0,12,44,1366,171,500,1465,138,Philadelphia Phillies
2018,NL,PIT,C,4,161,82,79,N,N,N,N,692,6032,5447,1381,290,38,157,2218,474,1229,70,38,0.648148148,59,52,0.253534055,0.317307692,0.407196622,0.724504314,693,637,4,3,16,40,1380,174,497,1336,129,Pittsburgh Pirates
2018,NL,SDP,W,5,162,66,96,N,N,N,N,617,6024,5486,1289,250,30,162,2085,471,1523,95,36,0.72519084,31,36,0.234961721,0.297310757,0.38005833,0.677369087,767,713,4.4,0,5,36,1430,185,519,1399,127,San Diego Padres
2018,AL,SEA,W,3,162,89,73,N,N,N,N,677,6054,5513,1402,256,32,176,2250,430,1221,79,37,0.681034483,70,41,0.254307999,0.314172448,0.408126247,0.722298695,711,664,4.13,3,12,60,1396,195,400,1328,152,Seattle Mariners
2018,NL,SFG,W,4,162,73,89,N,N,N,N,603,6080,5541,1324,255,30,133,2038,448,1467,77,34,0.693693694,49,42,0.238946039,0.299506579,0.367803646,0.667310224,699,641,3.95,1,15,36,1387,156,524,1269,160,San Francisco Giants
2018,NL,STL,C,3,162,88,74,N,N,N,N,759,6151,5498,1369,248,9,205,2250,525,1380,63,32,0.663157895,80,48,0.248999636,0.320923427,0.409239724,0.730163151,691,622,3.85,1,8,43,1354,144,593,1337,151,St. Louis Cardinals
2018,AL,TBR,E,3,162,90,72,N,N,N,N,716,6166,5475,1415,274,43,150,2225,540,1388,128,51,0.715083799,101,50,0.258447489,0.333441453,0.406392694,0.739834147,646,602,3.74,0,14,52,1236,164,501,1421,136,Tampa Bay Rays
2018,AL,TEX,W,5,162,67,95,N,N,N,N,737,6130,5453,1308,266,24,194,2204,555,1484,74,35,0.678899083,88,34,0.239867963,0.318270799,0.404181185,0.722451984,848,783,4.92,1,5,42,1516,222,491,1121,168,Texas Rangers
2018,AL,TOR,E,4,162,73,89,N,N,N,N,709,6071,5477,1336,320,16,217,2339,499,1387,47,30,0.61038961,58,37,0.243929158,0.311810245,0.427058609,0.738868854,832,772,4.85,0,3,39,1476,208,551,1298,138,Toronto Blue Jays
2018,NL,WAS,E,2,162,82,80,N,N,N,N,771,6247,5517,1402,284,25,191,2309,631,1289,119,33,0.782894737,59,40,0.254123618,0.334880743,0.41852456,0.753405303,682,649,4.04,2,7,40,1320,198,487,1417,115,Washington Nationals
2019,NL,ARI,W,2,162,85,77,N,N,N,N,813,6283,5633,1419,288,40,220,2447,540,1360,88,14,0.862745098,70,40,0.251908397,0.322934904,0.434404403,0.757339306,743,691,4.25,0,11,45,1400,220,516,1427,136,Arizona Diamondbacks
2019,NL,ATL,E,1,162,97,65,Y,N,N,N,855,6274,5560,1432,277,29,249,2514,619,1467,89,28,0.760683761,60,35,0.257553957,0.336467963,0.452158273,0.788626236,743,675,4.19,1,8,44,1421,203,548,1393,154,Atlanta Braves
2019,AL,BAL,E,5,162,54,108,N,N,N,N,729,6166,5596,1379,252,25,213,2320,462,1435,84,30,0.736842105,71,37,0.246426019,0.310087577,0.414581844,0.724669421,981,897,5.59,0,5,27,1544,305,561,1248,155,Baltimore Orioles
2019,AL,BOS,E,3,162,84,78,N,N,N,N,901,6453,5770,1554,345,27,245,2688,590,1382,68,30,0.693877551,49,44,0.26932409,0.339841934,0.465857886,0.80569982,828,768,4.7,1,8,33,1423,215,605,1633,115,Boston Red Sox
2019,AL,CHW,C,3,161,72,89,N,N,N,N,708,6005,5529,1443,260,20,182,2289,378,1549,63,28,0.692307692,66,32,0.26098752,0.314238135,0.413998915,0.72823705,832,769,4.9,6,7,33,1438,238,582,1312,171,Chicago White Sox
2019,NL,CHC,C,3,162,84,78,N,N,N,N,814,6164,5461,1378,270,26,256,2468,581,1460,45,24,0.652173913,83,39,0.252334737,0.331278391,0.451931881,0.783210271,717,657,4.1,1,10,38,1376,195,534,1444,141,Chicago Cubs
2019,NL,CIN,C,4,162,75,87,N,N,N,N,701,6064,5450,1328,235,27,227,2298,492,1436,80,38,0.677966102,89,33,0.243669725,0.314808707,0.421651376,0.736460083,711,668,4.18,0,10,46,1270,214,536,1552,124,Cincinnati Reds
2019,AL,CLE,C,2,162,93,69,N,N,N,N,769,6084,5425,1354,286,18,223,2345,563,1332,103,35,0.746376812,50,46,0.249585253,0.323307035,0.432258065,0.755565099,657,601,3.76,6,16,42,1308,207,450,1508,110,Cleveland Indians
2019,NL,COL,W,4,162,71,91,N,N,N,N,835,6235,5660,1502,323,41,224,2579,489,1503,71,31,0.696078431,43,43,0.265371025,0.326222935,0.45565371,0.781876645,958,895,5.56,1,5,28,1576,270,589,1264,165,Colorado Rockies
2019,AL,DET,C,5,161,47,114,N,N,N,N,582,6030,5549,1333,292,41,149,2154,391,1595,57,20,0.74025974,48,42,0.240223464,0.293864013,0.38817805,0.682042063,915,835,5.24,0,3,31,1555,250,536,1368,127,Detroit Tigers
2019,AL,HOU,W,1,162,107,55,Y,N,Y,N,920,6381,5613,1538,323,28,288,2781,645,1166,67,27,0.712765957,66,57,0.27400677,0.352452594,0.495456975,0.847909569,640,595,3.66,2,14,47,1205,230,448,1671,96,Houston Astros
2019,AL,KCR,C,4,162,59,103,N,N,N,N,691,6053,5496,1356,281,40,162,2203,456,1405,117,39,0.75,59,42,0.246724891,0.309102924,0.400836972,0.709939897,869,824,5.2,1,7,37,1525,221,582,1230,152,Kansas City Royals
2019,AL,LAA,W,4,162,72,90,N,N,N,N,769,6237,5542,1368,268,21,220,2338,586,1276,65,20,0.764705882,67,42,0.246842295,0.324033991,0.421869361,0.745903352,868,820,5.12,0,2,32,1417,267,576,1404,118,Los Angeles Angels
2019,NL,LAD,W,1,162,106,56,Y,N,N,N,886,6226,5493,1414,302,20,279,2593,607,1356,57,10,0.850746269,81,45,0.257418533,0.337616447,0.472055343,0.80967179,613,541,3.37,3,18,44,1201,185,392,1519,117,Los Angeles Dodgers
2019,NL,MIA,E,5,162,57,105,N,N,N,N,615,6013,5512,1326,265,18,146,2065,395,1469,55,30,0.647058824,73,33,0.240566038,0.298353567,0.374637155,0.672990723,808,760,4.74,2,8,27,1340,236,615,1378,135,Miami Marlins
2019,NL,MIL,C,2,162,89,73,N,Y,N,N,769,6281,5542,1366,279,17,250,2429,629,1563,101,25,0.801587302,72,38,0.246481415,0.329087725,0.438289426,0.767377151,766,713,4.4,0,7,50,1364,225,570,1497,135,Milwaukee Brewers
2019,AL,MIN,C,1,162,101,61,Y,N,N,N,939,6379,5732,1547,318,23,307,2832,525,1334,28,21,0.571428571,81,41,0.269888346,0.337513717,0.494068388,0.831582105,754,680,4.18,1,10,50,1456,198,452,1463,130,Minnesota Twins
2019,AL,NYY,E,1,162,103,59,Y,N,N,N,943,6234,5583,1493,290,17,306,2735,569,1437,55,22,0.714285714,49,33,0.26741895,0.338626885,0.489879993,0.828506878,739,691,4.31,1,9,50,1374,248,507,1534,135,New York Yankees
2019,NL,NYM,E,3,162,86,76,N,N,N,N,791,6262,5624,1445,280,17,242,2485,516,1384,56,27,0.674698795,95,27,0.256934566,0.328329607,0.44185633,0.770185937,737,688,4.24,3,12,38,1405,204,500,1520,129,New York Mets
2019,AL,OAK,W,2,162,97,65,N,Y,N,N,845,6262,5561,1384,292,23,257,2493,578,1338,49,21,0.7,87,36,0.248876101,0.327211753,0.448300665,0.775512419,680,646,3.97,1,12,45,1342,201,477,1299,122,Oakland Athletics
2019,NL,PHI,E,4,162,81,81,N,N,N,N,774,6224,5571,1369,311,26,215,2377,562,1453,78,18,0.8125,57,34,0.245736852,0.31940874,0.426673847,0.746082587,794,731,4.53,3,7,36,1452,258,546,1392,136,Philadelphia Phillies
2019,NL,PIT,C,5,162,69,93,N,N,N,N,758,6179,5657,1497,315,38,163,2377,425,1213,64,29,0.688172043,63,34,0.264627895,0.321249393,0.420187378,0.741436772,911,829,5.18,1,6,31,1511,241,584,1443,130,Pittsburgh Pirates
2019,NL,SDP,W,5,162,70,92,N,N,N,N,682,5981,5391,1281,224,24,219,2210,504,1581,70,37,0.654205607,55,31,0.237618253,0.307640863,0.409942497,0.717583359,789,732,4.6,0,6,47,1394,215,463,1475,100,San Diego Padres
2019,AL,SEA,W,5,162,68,94,N,N,N,N,758,6183,5500,1305,254,28,239,2332,588,1581,115,47,0.709876543,58,37,0.237272727,0.315542617,0.424,0.739542617,893,798,4.99,3,4,34,1484,260,505,1239,145,Seattle Mariners
2019,NL,SFG,W,3,162,77,85,N,N,N,N,678,6146,5579,1332,300,26,167,2185,475,1435,47,28,0.626666667,50,42,0.238752465,0.302147738,0.391647249,0.693794987,773,715,4.38,1,8,41,1395,227,519,1368,142,San Francisco Giants
2019,NL,STL,C,1,162,91,71,Y,N,N,N,764,6125,5449,1336,246,24,210,2260,561,1420,116,29,0.8,76,39,0.245182602,0.322122449,0.414755001,0.73687745,662,609,3.8,1,14,52,1284,191,545,1399,168,St. Louis Cardinals
2019,AL,TBR,E,2,162,96,66,N,Y,N,N,769,6277,5628,1427,291,29,217,2427,542,1493,94,37,0.717557252,73,34,0.25355366,0.325314641,0.431236674,0.756551315,656,598,3.65,0,12,46,1274,181,453,1621,126,Tampa Bay Rays
2019,AL,TEX,W,3,162,78,84,N,N,N,N,810,6185,5540,1374,296,24,223,2387,534,1578,131,38,0.775147929,67,44,0.24801444,0.319320938,0.430866426,0.750187364,878,808,5.06,4,9,33,1515,241,583,1379,143,Texas Rangers
2019,AL,TOR,E,4,162,67,95,N,N,N,N,726,6075,5493,1299,270,21,247,2352,509,1514,51,20,0.718309859,45,28,0.236482796,0.305020576,0.428181322,0.733201898,828,767,4.79,1,7,33,1450,228,604,1332,141,Toronto Blue Jays
2019,NL,WAS,E,2,162,93,69,N,Y,Y,Y,873,6219,5512,1460,298,27,231,2505,584,1308,116,29,0.8,81,42,0.264876633,0.341694806,0.45446299,0.796157796,724,683,4.27,1,13,40,1340,202,517,1511,111,Washington Nationals
